date,strategy_equity,buyhold_equity
2024-12-11,1.0059638038973837,1.0059638038973837
2024-12-12,1.006653433999375,1.006653433999375
2024-12-13,1.0184592653394233,1.0184592653394233
2024-12-16,1.0283581385050364,1.0283581385050364
2024-12-17,1.0283581385050364,1.0063288214938637
2024-12-18,1.0355718376222713,1.013387989948359
2024-12-19,1.0550570831567536,1.0324558257936998
2024-12-20,1.0582907971641018,1.0356202677173991
2024-12-23,1.0582907971641018,1.0475072210070566
2024-12-24,1.0616513516231263,1.0508335327087635
2024-12-26,1.0616513516231263,1.0369184059717724
2024-12-27,1.0616513516231263,1.0231652113663279
2024-12-30,1.0616513516231263,1.0159439237196763
2024-12-31,1.0616513516231263,0.9892897202776773
2025-01-02,1.0616513516231263,0.9873017025071679
2025-01-03,1.0688058955463755,0.9939551988600778
2025-01-06,1.0688058955463755,0.9826363486318335
2025-01-07,1.0709679756904955,0.9846241169882022
2025-01-08,1.0709679756904955,0.9608909272675314
2025-01-10,1.0709679756904955,0.950951399596809
2025-01-13,1.0709679756904955,0.9464076351155918
2025-01-14,1.0920401920974305,0.9650290196471631
2025-01-15,1.0920401920974305,0.9260416610158777
2025-01-16,1.100269021829275,0.9330196451672287
2025-01-17,1.100269021829275,0.9032415295995652
2025-01-21,1.1061499855912047,0.9080693767882586
2025-01-22,1.1061499855912047,0.9073796843327322
2025-01-23,1.1061499855912047,0.9038095079539081
2025-01-24,1.141303847458848,0.9325329134695651
2025-01-27,1.183011388450807,0.9666111782554774
2025-01-28,1.1884732583175408,0.9710739454941557
2025-01-29,1.1884732583175408,0.9638931252920081
2025-01-30,1.1884732583175408,0.95744252734343
2025-01-31,1.1884732583175408,0.9250272937013008
2025-02-03,1.2134406305358296,0.9444602094966565
2025-02-04,1.2134406305358296,0.943121479090709
2025-02-05,1.2173553901792524,0.9461641445596896
2025-02-06,1.2173553901792524,0.9234857895980957
2025-02-07,1.2188008809325355,0.9245823388723843
2025-02-10,1.2454094674857752,0.9447676124263868
2025-02-11,1.2681633298347141,0.9620286922287461
2025-02-12,1.2931121418638407,0.9809548608415616
2025-02-13,1.309548372870345,0.9934233855562903
2025-02-14,1.309548372870345,0.9928954381717008
2025-02-18,1.31169103415123,0.9945199971841141
2025-02-19,1.3168335363602999,0.9984190261088584
2025-02-20,1.3168335363602999,0.9972817599759253
2025-02-21,1.3251458788178905,1.0035769729141841
2025-02-24,1.3251458788178905,1.0033332952976766
2025-02-25,1.3251458788178905,0.9762029602590366
2025-02-26,1.3251458788178905,0.9637750900494174
2025-02-27,1.35049830303519,0.9822138410756784
2025-02-28,1.35049830303519,0.9667398135990958
2025-03-03,1.35049830303519,0.9582109099606856
2025-03-04,1.35049830303519,0.9574392226060491
2025-03-05,1.35049830303519,0.9557740714420617
2025-03-06,1.3719612644418544,0.9709638291505666
2025-03-07,1.3719612644418544,0.9238919605279671
2025-03-10,1.3719612644418544,0.8969241188026903
2025-03-11,1.3719612644418544,0.8812470058611701
2025-03-12,1.3719612644418544,0.8515986480007618
2025-03-13,1.3968906744394574,0.8670727378308797
2025-03-14,1.400227460603178,0.8691439352176719
2025-03-17,1.400227460603178,0.8638234950989828
2025-03-18,1.417015262473917,0.8741801679218141
2025-03-19,1.417015262473917,0.8695501685010779
2025-03-20,1.4446141463911144,0.8864861993231753
2025-03-21,1.4608956924348966,0.8964773557212451
2025-03-24,1.480883501768281,0.9087428573245715
2025-03-25,1.480883501768281,0.8997264113925405
2025-03-26,1.4963923334967568,0.909148965900907
2025-03-27,1.4963923334967568,0.884983541472551
2025-03-28,1.525441096665641,0.9021633122646955
2025-03-31,1.5327205255469425,0.9064684497657796
2025-04-01,1.5375276856164977,0.9093114592142704
2025-04-02,1.5375276856164977,0.8252400626702894
2025-04-03,1.5375276856164977,0.7650904129381609
2025-04-04,1.5375276856164977,0.7369853674334823
2025-04-07,1.5375276856164977,0.7002701092801829
2025-04-08,1.7732128668738674,0.8076134040896296
2025-04-09,1.7732128668738674,0.7733757013135945
2025-04-10,1.8451954551960705,0.8047704569946739
2025-04-11,1.885889315569576,0.8225188296765172
2025-04-14,1.885889315569576,0.8209755173207837
2025-04-15,1.885889315569576,0.7890121597500095
2025-04-16,1.9121968486074594,0.800018618765684
2025-04-17,1.9121968486074594,0.7845039367839919
2025-04-21,1.9773359256654337,0.8112281008927609
2025-04-22,2.02544775245441,0.8309666113653141
2025-04-23,2.0627691542137447,0.8462782078820729
2025-04-24,2.07177771602316,0.8499740889883485
2025-04-25,2.0802912651655348,0.8534668846296868
2025-04-28,2.0908838067157673,0.857812614282341
2025-04-29,2.103654282413563,0.8630518700978815
2025-04-30,2.11177191261285,0.8663822347793916
2025-05-01,2.11177191261285,0.8340127062787464
2025-05-02,2.11177191261285,0.8077759597565278
2025-05-05,2.11177191261285,0.8062325226937237
2025-05-06,2.11177191261285,0.7970537081553999
2025-05-07,2.125115272867208,0.8020899408595421
2025-05-08,2.1363063556711395,0.8063138317039427
2025-05-09,2.271205813128582,0.8572294216653469
2025-05-12,2.294263993422279,0.8659323540211749
2025-05-13,2.294263993422279,0.8634922731187129
2025-05-14,2.294263993422279,0.8599134919519965
2025-05-15,2.294263993422279,0.8591408692943322
2025-05-16,2.294263993422279,0.8490553719971405
2025-05-19,2.294263993422279,0.8412471505213714
2025-05-20,2.294263993422279,0.8218487785846523
2025-05-21,2.294263993422279,0.8188800644087098
2025-05-22,2.294263993422279,0.7941135518986875
2025-05-23,2.3523050446298823,0.8142032998363914
2025-05-27,2.3547723085737524,0.8150572938578098
2025-05-28,2.3547723085737524,0.8131459085823597
2025-05-29,2.3653714875212875,0.8168059987592909
2025-05-30,2.3753818332255303,0.820262754057144
2025-06-02,2.393871485974126,0.82664756902583
2025-06-03,2.393871485974126,0.8248174927605988
2025-06-04,2.393871485974126,0.8159113502327631
2025-06-05,2.4331269472756856,0.829290922453839
2025-06-06,2.4331269472756856,0.8192460796617527
2025-06-09,2.4478619398621695,0.824207425769829
2025-06-10,2.4478619398621695,0.8083878973533616
2025-06-11,2.4530338615812943,0.8100958853961981
2025-06-12,2.4530338615812943,0.7989123423398652
2025-06-13,2.4776328883149477,0.8069238363411733
2025-06-16,2.4776328883149477,0.7956182674159811
2025-06-17,2.4895371745035786,0.799440975613346
2025-06-18,2.5455133584564478,0.8174160657500568
2025-06-20,2.551845404921142,0.8194494145408309
2025-06-23,2.551845404921142,0.8145692527359031
2025-06-24,2.567897916730992,0.8196933415714834
2025-06-25,2.567897916730992,0.8174160657500568
2025-06-26,2.5689198358053806,0.8177413641444591
2025-06-27,2.621172084003711,0.8343743567843099
2025-06-30,2.6550274382728594,0.8451512300824865
2025-07-01,2.7140507573250265,0.8639395973819749
2025-07-02,2.72823186779264,0.8684537439338598
2025-07-03,2.72823186779264,0.8538133832261386
2025-07-07,2.7290116983051695,0.8540574349638614
2025-07-08,2.743695185602439,0.8586527034653554
2025-07-09,2.743695185602439,0.8638176338666507
2025-07-10,2.743695185602439,0.8587341371826405
2025-07-11,2.743695185602439,0.848404588147726
2025-07-14,2.750139855931359,0.8503974071404652
2025-07-15,2.750139855931359,0.8546673772475567
2025-07-16,2.750139855931359,0.8540980894689666
2025-07-17,2.7653294353262607,0.8588154461928592
2025-07-18,2.7823524855959683,0.8641022154024082
2025-07-21,2.8074942460896013,0.8719103745246379
2025-07-22,2.8074942460896013,0.8708937001292508
2025-07-23,2.8074942460896013,0.8693076756017424
2025-07-24,2.809070612820575,0.869795779077184
2025-07-25,2.811303060646281,0.8704870303710983
2025-07-28,2.811303060646281,0.8591815237994412
2025-07-29,2.811303060646281,0.8501532930492067
2025-07-30,2.811303060646281,0.8441344933335636
2025-07-31,2.811303060646281,0.823028195707543
2025-08-01,2.8247774993248713,0.8269729297737675
2025-08-04,2.8247774993248713,0.825224162518755
2025-08-05,2.968577842788011,0.8672336723058588
2025-08-06,3.062959844623118,0.8948062186178548
2025-08-07,3.1927003333000785,0.9327083139647654
2025-08-08,3.1927003333000785,0.9249319551456117
2025-08-11,3.2274125135978022,0.934988146281143
2025-08-12,3.279130061388384,0.949970827898442
2025-08-13,3.279130061388384,0.9477315877336387
2025-08-14,3.279130061388384,0.9428866556762305
2025-08-15,3.279130061388384,0.9400367249853054
2025-08-18,3.279130061388384,0.938693193357128
2025-08-19,3.279130061388384,0.9201684568054926
2025-08-20,3.279130061388384,0.9156491972637021
2025-08-21,3.320829954138286,0.9272932835328096
2025-08-22,3.320829954138286,0.9248505837818577
2025-08-25,3.352260408901261,0.9336039601478602
2025-08-26,3.36951074319086,0.9384081753466198
2025-08-27,3.3997718165812607,0.9468358791970086
2025-08-28,3.3997718165812607,0.9451258958410378
2025-08-29,3.3997718165812607,0.9352732266451863
2025-09-02,3.5292687186803637,0.970897672049459
2025-09-03,3.5486561953014917,0.9762311440570551
2025-09-04,3.5486561953014917,0.9758646299757265
2025-09-05,3.5486561953014917,0.968495502096542
2025-09-08,3.5486561953014917,0.9541236357124392
2025-09-09,3.5486561953014917,0.9233441847191058
2025-09-10,3.59935323859287,0.9365353245560745
2025-09-11,3.6625686561407296,0.9529836883774807
2025-09-12,3.7037210321733878,0.9636913492513176
2025-09-15,3.726409537083231,0.9695947949263909
2025-09-16,3.7395536143755,0.9730148239918676
2025-09-17,3.7395536143755,0.9684955020965419
2025-09-18,3.8593424871321815,0.9995192542417388
2025-09-19,4.02566364997721,1.0425942612424812
2025-09-22,4.02566364997721,1.0358765407480672
2025-09-23,4.02566364997721,1.0272453149579943
2025-09-24,4.02566364997721,1.0458107683682742
2025-09-25,4.02566364997721,1.040070065420705
2025-09-26,4.02566364997721,1.0358765407480672
2025-09-29,4.028828358730344,1.0366908779209432
2025-09-30,4.04180269533528,1.0400294109155956
2025-10-01,4.06838382565433,1.0468692196324085
2025-10-02,4.082465568002138,1.0504927082840338
2025-10-03,4.082465568002138,1.0450778649126877
2025-10-06,4.082465568002138,1.0442228732347023
2025-10-07,4.107615175605287,1.0506557004256827
2025-10-08,4.107615175605287,1.0342887079680263
2025-10-09,4.107615175605287,0.9985828911999995
2025-10-10,4.14764112267681,1.0083134098199213
2025-10-13,4.149483474541004,1.008761295265004
2025-10-14,4.175776808336625,1.0151533432438045
2025-10-15,4.175776808336625,1.0074584804954712
2025-10-16,4.257452725160543,1.0271638188871741
2025-10-17,4.425361234808194,1.0676738508539603
2025-10-20,4.434305562583257,1.0698317820085488
2025-10-21,4.434305562583257,1.0522434708521842
2025-10-22,4.453693021176543,1.0568440394041894
2025-10-23,4.5092829101760765,1.0700353039482324
2025-10-24,4.612055202268657,1.0944227693163007
2025-10-27,4.615315086946598,1.0951963272769967
2025-10-28,4.6273251054126945,1.098046257967926
2025-10-29,4.6273251054126945,1.1049675004020239
2025-10-30,4.6273251054126945,1.1007741004364564
2025-10-31,4.6273251054126945,1.09539972450961
2025-11-03,4.6273251054126945,1.0994306311618143
2025-11-04,4.629038811915641,1.0998377997482525
2025-11-05,4.629038811915641,1.098331213624895
2025-11-06,4.629038811915641,1.0930385208294786
2025-11-07,4.6500945700250265,1.0980103423315113
2025-11-10,4.750541965087195,1.121728629557211
2025-11-11,4.750541965087195,1.1144746686579867
2025-11-12,4.750541965087195,1.1123555214024436
2025-11-13,4.750541965087195,1.1101546910154707
2025-11-14,4.750541965087195,1.089981950522094
2025-11-17,4.750541965087195,1.0899005168048088
2025-11-18,4.770436256005254,1.0944647955991884
2025-11-19,4.770436256005254,1.0850509082322455
2025-11-20,4.864321355631124,1.1064053729293235
2025-11-21,4.94369469192958,1.1244590908742276
2025-11-24,4.962508227021675,1.1287382893045679
2025-11-25,4.972899697867397,1.1311018624190445
2025-11-26,4.9961920978008525,1.1363997929114371
2025-11-28,5.072339927689491,1.1537198591583282
2025-12-01,5.1277037193351145,1.166312529762121
2025-12-02,5.09115291450579,1.157998932881594
2025-12-03,5.09115291450579,1.1439390835888417
2025-12-04,5.09115291450579,1.136114463133253
2025-12-05,5.09115291450579,1.1324874826836449
2025-12-08,5.09115291450579,1.1295939045179049
2025-12-09,5.12054149465478,1.1361144631332527
2025-12-10,5.12054149465478,1.1330580175329426
2025-12-11,5.125145935277143,1.1340768743020693
2025-12-12,5.125145935277143,1.1170826676314014
2025-12-15,5.134494911463466,1.119120381169655
2025-12-16,5.134494911463466,1.107831772406103
2025-12-17,5.141106457860217,1.1092582965899533
2025-12-18,5.1690606008341575,1.1152897540732927
2025-12-19,5.1690606008341575,1.1042863503808504
2025-12-22,5.195576500897905,1.1099510443687162
2025-12-23,5.2232365354307655,1.115860164215516
2025-12-24,5.2232365354307655,1.1141893388798016
2025-12-26,5.230114559716911,1.1156565175687614
2025-12-29,5.230114559716911,1.1128852770395607
2025-12-30,5.230114559716911,1.1079133308304618
2025-12-31,5.230114559716911,1.1044493425224986
2026-01-02,5.230114559716911,1.089166989813861
2026-01-05,5.230114559716911,1.0691978959672384
2026-01-06,5.230114559716911,1.060924953591821
2026-01-07,5.230114559716911,1.0556679270186788
2026-01-08,5.236777329882368,1.0570127680710992
2026-01-09,5.254545128882555,1.0605990940155978
2026-01-12,5.270697280258256,1.0638593109697367
2026-01-13,5.270697280258256,1.059417120397756
2026-01-14,5.270697280258256,1.0522853724280008
2026-01-15,5.270697280258256,1.0413635895134574
2026-01-16,5.088565022024845,1.0053786159672546
2026-01-20,5.108160164585936,1.0092501469828712
2026-01-21,5.122598840174783,1.012102883582892
2026-01-22,5.122598840174783,1.0108394762477608
2026-01-23,5.2748066252366925,1.040874550734984
2026-01-26,5.333871549979441,1.0525297982869346
2026-01-27,5.333871549979441,1.0450721907409601
2026-01-28,5.372142683137428,1.0525707022061848
2026-01-29,5.397102394537763,1.0574610899909282
2026-01-30,5.616123464273315,1.100374164860128
2026-02-02,5.616123464273315,1.0982142383924052
2026-02-03,5.762214658111586,1.1267818847765279
2026-02-04,5.762214658111586,1.1244184363691212
2026-02-05,5.808368092584284,1.1334246563213406
2026-02-06,5.808368092584284,1.1202084503631244
2026-02-09,5.808368092584284,1.1163739573475604
2026-02-10,5.846994648447163,1.1237980186914693
2026-02-11,5.846994648447163,1.067628706894296
2026-02-12,5.846994648447163,1.0433577802839746
2026-02-13,6.032156698793017,1.0763987316542631
2026-02-17,6.042900980651638,1.0783159781620453
2026-02-18,6.042900980651638,1.0629374763017574
2026-02-19,6.13566211553719,1.079254024749239
2026-02-20,6.13566211553719,1.0857805693039895
2026-02-23,6.13566211553719,1.11009233748003
2026-02-24,6.182783118090148,1.1186176869669184
2026-02-25,6.182783118090148,1.11339632661605
2026-02-26,6.182783118090148,1.0776223574337862
2026-02-27,6.195420961412532,1.0798250584268227
2026-03-02,6.195420961412532,1.0758684771888638
2026-03-03,6.195420961412532,1.0708510128988862
2026-03-04,6.195420961412532,1.061754629734419
2026-03-05,6.195420961412532,1.050210620889695
2026-03-06,6.253655455412754,1.060082183206782
2026-03-09,6.253655455412754,1.0639573307274515
2026-03-10,6.253655455412754,1.0638756475960258
2026-03-11,6.132567900336662,1.0432761595060804
2026-03-12,6.132567900336662,1.020269949655129
2026-03-13,6.198768237026356,1.031283641680918
2026-03-16,6.2333388951494495,1.0370351317901194
2026-03-17,6.2333388951494495,1.019535736775299
2026-03-18,6.2333388951494495,1.01553825161809
2026-03-19,6.2333388951494495,1.0115814209659904
2026-03-20,6.3213131847628015,1.0258583852691505
2026-03-23,6.325083160172836,1.0264701981589097
2026-03-24,6.349715945895745,1.030467745669654
2026-03-25,6.3565028237639645,1.0315691585197078
2026-03-26,6.3565028237639645,1.0148855348090768
2026-03-27,6.3565028237639645,1.0060338269176838
2026-03-30,6.541040291627025,1.035240285272412
2026-03-31,6.588463640598547,1.0427459050406767
2026-04-01,6.595938101242954,1.0439288763150898
2026-04-02,6.671710977889475,1.0559213317867169
2026-04-06,6.671710977889475,1.034057376351534
2026-04-07,6.81382987316325,1.0560845733425024
2026-04-08,6.85567586046109,1.0625703386850731
2026-04-09,6.85567586046109,1.0625296841799678
2026-04-10,6.85567586046109,1.057308448536166
2026-04-13,6.85567586046109,1.0557989941501777
2026-04-14,7.056979094869905,1.086800423729684
2026-04-15,7.056979094869905,1.0744405812272315
2026-04-16,7.239968618737245,1.102301138519437
2026-04-17,7.315520764056675,1.1138041187378402
2026-04-20,7.315520764056675,1.0857399147988809
2026-04-21,7.507912012428206,1.114293843405205
2026-04-22,7.515056691094674,1.1153542276289379
2026-04-23,7.515056691094674,1.1056866860798162
2026-04-24,7.515056691094674,1.0916137425446215
2026-04-27,7.6021114065445055,1.1042590395323286
2026-04-28,7.6021114065445055,1.102056338539292
2026-04-29,7.635315093709824,1.1068697820613
2026-04-30,7.882649787805586,1.142725184960849
2026-05-01,7.882649787805586,1.1292232751032378
2026-05-04,8.091939006541065,1.15920485025705
2026-05-05,8.186759690573417,1.172788318539021
2026-05-06,8.186759690573417,1.172502739346696
2026-05-07,8.35423201992768,1.1964880244111575
2026-05-08,8.35423201992768,1.1949773229544616
2026-05-11,8.414744851854543,1.2036329913304258
2026-05-12,8.530918713183029,1.2202503332328833
2026-05-13,8.530918713183029,1.217555662845207
2026-05-14,8.588705615605729,1.225803164978162
2026-05-15,8.588705615605729,1.2160449613885067
2026-05-18,8.621291081447366,1.2206586241829585
2026-05-19,8.715875777639763,1.2340505424040507
2026-05-20,8.79488734101927,1.245237514904831
2026-05-21,8.905332305440968,1.2608750333513479
2026-05-22,8.905332305440968,1.2588743578131423
2026-05-26,8.978116836759622,1.2691633146964827
2026-05-27,9.026061733530817,1.2759408945849255
2026-05-28,9.026061733530817,1.27410358530958
2026-05-29,9.026061733530817,1.2506269803872578
2026-06-01,9.288024539195526,1.2869238463177406
2026-06-02,9.288024539195526,1.2667543482082058
2026-06-03,9.317063105697304,1.2707147953653626
2026-06-04,9.317063105697304,1.2548323522316298
2026-06-05,9.317063105697304,1.2311517265413383
2026-06-08,9.317063105697304,1.1862807506592468
2026-06-09,9.350092146112202,1.190486122503619
2026-06-10,9.47996340650172,1.2070217812746467
2026-06-11,9.47996340650172,1.188648937935348
2026-06-12,9.65221945005132,1.2102473296630785
2026-06-15,9.744045975815997,1.2217610346895786
2026-06-16,9.744045975815997,1.208328337256307
2026-06-17,9.811870813376308,1.2167390809450513
2026-06-18,9.811870813376308,1.2126562961513592
2026-06-22,9.811870813376308,1.2015915365800438
2026-06-23,9.811870813376308,1.1966103620476964
2026-06-24,9.811870813376308,1.1234044431757564
2026-06-25,10.119617121865634,1.1586396778117984
2026-06-26,10.119617121865634,1.150310617254484
2026-06-29,10.393314441605677,1.1814221631775794
2026-06-30,10.57362464771111,1.2019182691057637
2026-07-01,11.085459491199066,1.2600992306633725
2026-07-02,11.230210998396707,1.2765533310100403
2026-07-06,11.230210998396707,1.2683875120085113
2026-07-07,11.230210998396707,1.2795338300041823
2026-07-08,11.331622381929726,1.2910883142428626
2026-07-09,11.331622381929726,1.2874138203992458
2026-07-10,11.403135562078475,1.2955386107744542
2026-07-13,11.403135562078475,1.28553560720465
2026-07-14,11.403135562078475,1.33714325905593
2026-07-15,11.603691424387938,1.360660643190436
2026-07-16,11.620403260788896,1.362620290102317
2026-07-17,11.620403260788896,1.3334277365859926
2026-07-20,11.661321723492618,1.3381230825118702
2026-07-21,11.661321723492618,1.3305698246425266
2026-07-22,11.661321723492618,1.3132992671027781
2026-07-23,12.073161405865571,1.3596806950274205
2026-07-24,12.214188119103689,1.375563138161153
2026-07-27,12.329110749850903,1.388505736805849
2026-07-28,12.329110749850903,1.38078923738072
2026-07-29,12.329110749850903,1.361354638039906
2026-07-30,12.329110749850903,1.2612425450892424
2026-07-31,12.329110749850903,1.238827571461361
2026-08-03,12.571287007151309,1.2631614127889434
2026-08-04,12.63711449736778,1.2697757511215968
2026-08-05,12.694408081916206,1.275532603634849
2026-08-06,12.731790461020639,1.2792887806098958
2026-08-07,12.731790461020639,1.2596741042587265
2026-08-10,12.731790461020639,1.2459846349665005
2026-08-11,12.731790461020639,1.2351147925469805
2026-08-12,12.858582234789251,1.2474149003624786
2026-08-13,12.886804176971456,1.25015271939668
2026-08-14,12.886804176971456,1.2487633579199562
2026-08-17,13.07404015554848,1.2669069896629679
2026-08-18,13.360797288124559,1.294694468611636
2026-08-19,13.360797288124559,1.2720966744178344
2026-08-20,13.360797288124559,1.2641282667095164
2026-08-21,13.403554872018969,1.2681737640890156
2026-08-24,13.403554872018969,1.266375737540997
2026-08-25,13.557097518547653,1.2808825369758003
2026-08-26,13.605970295916796,1.28550006568945
2026-08-27,13.827417685053046,1.3064225450929834
2026-08-28,13.827417685053046,1.2947762764501363
2026-08-31,14.188759011698467,1.328611674215494
2026-09-01,14.188759011698467,1.3279169311235972
2026-09-02,14.33066407078447,1.3411977353445323
2026-09-03,14.33066407078447,1.3075258285491007
2026-09-04,14.33066407078447,1.2922018236787909
2026-09-08,14.33066407078447,1.2886057705827623
2026-09-09,14.841013271092832,1.3344961020622619
2026-09-10,15.100049624710492,1.35778851464089
2026-09-11,15.136860061208147,1.3610984897163123
2026-09-14,15.136860061208147,1.3539881913627512
2026-09-15,15.185742029307882,1.3583606706821068
2026-09-16,15.395430364600983,1.3771172376785192
2026-09-17,15.395430364600983,1.3735620885017366
2026-09-18,15.525966377060405,1.385208357144588
2026-09-21,15.561233422754905,1.3883548412500797
2026-09-22,15.561233422754905,1.377198920809949
2026-09-23,15.561233422754905,1.3727039791469795
2026-09-24,15.79980288556009,1.3937489208941267
2026-09-25,15.79980288556009,1.3828381745553522
2026-09-28,15.79980288556009,1.3460605628666085
2026-09-29,15.973437403951232,1.3608533156149518
2026-09-30,15.973437403951232,1.3498201069325717
